Comment,Designator,Footprint,LCSC,Quantity
0.1uF,"C10,C103,C104,C105,C106,C107,C108,C109,C110,C111,C112,C113,C114,C115,C116,C117,C118,C119,C120,C121,C122,C123,C124,C125,C126,C127,C128,C129,C130,C131,C132,C133,C134,C135,C136,C137,C138,C78,C8,C99",C_0402_1005Metric,C307331,40
10k,R34,R_0603_1608Metric,C25804,1
1N4148W,"D101,D102,D103,D105,D106,D107,D108,D109,D110,D111,D112,D113,D114,D15,D16,D17,D18,D19,D20,D23,D24,D25,D26,D27,D28,D29,D30,D31,D32,D33,D34,D37,D38,D39,D40,D41,D42,D43,D44,D45,D46,D47,D48,D51,D52,D53,D54,D55,D56,D57,D58,D59,D60,D61,D62,D65,D66,D67,D68,D69,D70,D71,D72,D73,D74,D75,D76,D79,D80,D81,D82,D83,D84,D86,D87,D88,D89,D90,D91,D92,D93,D94,D95",D_SOD-123,C81598,83
22uF,"C1,C2,C9",C_1206_3216Metric,C12891,3
AO3401A,Q1,SOT-23,C15127,1
CL31A476MPHNNNE,"C101,C102,C139,C140,C141,C142,C143,C144",CAPC3216X180N,C96123,8
H11L1SR2VM,IC103,H11L1SR2VM,C274632,1
R120,R24,R_0603_1608Metric,C22787,1
R1K,R33,R_0603_1608Metric,C21190,1
R220,"R102,R103,R105,R106,R107",R_0603_1608Metric,C22962,5
R510,"R101,R104",R_0603_1608Metric,C23193,2
SJ1-3533N,"J101,J102,J103,J104,J105,J106",SJ13533N,C4992459,6
SK6812MINI-E,"LED101,LED102,LED103,LED104,LED105,LED106,LED107,LED108,LED109,LED110,LED111,LED112,LED113,LED114,LED115,LED116,LED117,LED118,LED119,LED120,LED121,LED122,LED123,LED124,LED125,LED126,LED127,LED128,LED129,LED130",LED-SMD_4P-L3.2-W2.8-LS5.9_SK6812MINI-E,C5149201,30
SN74LVC1T45DBVR,"IC101,IC102,IC104",SOT95P280X145-6N,C7843,3
SS14,D104,D_SMA,C2480,1
Switch,"SW101,SW102,SW103,SW104,SW105,SW106,SW107,SW108,SW109,SW110,SW111,SW112,SW15,SW16,SW17,SW18,SW19,SW20,SW23,SW24,SW25,SW26,SW27,SW28,SW29,SW30,SW31,SW32,SW33,SW34,SW37,SW38,SW39,SW40,SW41,SW42,SW43,SW44,SW45,SW46,SW47,SW48,SW51,SW52,SW53,SW54,SW55,SW56,SW57,SW58,SW59,SW60,SW61,SW62,SW65,SW66,SW67,SW68,SW69,SW70,SW71,SW72,SW73,SW74,SW75,SW76,SW79,SW80,SW81,SW82,SW83,SW84,SW86,SW87,SW88,SW89,SW90,SW91,SW92,SW93,SW94,SW95",SW_MX_HS_CPG151101S11_1u,C41430893,82
TCAN332DR,IC12,SOIC127P600X175-8N,C73651,1
TLV1117-33IDCY,IC3,SOT230P700X180-4N,C37359,1
TS-1088-AR02016,S1,TS1088AR02016,C720477,1
RaspberryPi_Pico,A1,RaspberryPi_Pico_SMD,,1
