Designator,Val,Package,Mid X,Mid Y,Rotation,Layer
C1,22uF,C_1206_3216Metric,-134.42109,12.091839,280.0,bottom
C10,0.1uF,C_0402_1005Metric,-146.650552,17.599131,280.0,bottom
C101,CL31A476MPHNNNE,CAPC3216X180N,-139.688819,-14.90355,100.0,bottom
C102,CL31A476MPHNNNE,CAPC3216X180N,-142.014226,-14.493518,100.0,bottom
C103,0.1uF,C_0402_1005Metric,-139.7459,-20.986045,100.0,bottom
C104,0.1uF,C_0402_1005Metric,-139.398604,-19.016429,100.0,bottom
C105,0.1uF,C_0402_1005Metric,-129.075,-38.15,0.0,bottom
C106,0.1uF,C_0402_1005Metric,-129.075,-42.65,0.0,bottom
C107,0.1uF,C_0402_1005Metric,-129.075,-47.4,0.0,bottom
C108,0.1uF,C_0402_1005Metric,-129.075,-19.15,0.0,bottom
C109,0.1uF,C_0402_1005Metric,-51.013418,-20.594045,170.0,bottom
C110,0.1uF,C_0402_1005Metric,-50.214636,-25.124161,170.0,bottom
C111,0.1uF,C_0402_1005Metric,-75.325,-27.4,180.0,bottom
C112,0.1uF,C_0402_1005Metric,-75.325,-41.9,180.0,bottom
C113,0.1uF,C_0402_1005Metric,-75.325,-65.6,180.0,bottom
C114,0.1uF,C_0402_1005Metric,-75.325,-61.1,180.0,bottom
C115,0.1uF,C_0402_1005Metric,-75.325,-51.1,180.0,bottom
C116,0.1uF,C_0402_1005Metric,-75.325,-46.5,180.0,bottom
C117,0.1uF,C_0402_1005Metric,-75.325,-22.9,180.0,bottom
C118,0.1uF,C_0402_1005Metric,-75.325,-32.0,180.0,bottom
C119,0.1uF,C_0402_1005Metric,-75.325,-70.1,180.0,bottom
C120,0.1uF,C_0402_1005Metric,-75.325,-89.2,180.0,bottom
C121,0.1uF,C_0402_1005Metric,-75.325,-84.6,180.0,bottom
C122,0.1uF,C_0402_1005Metric,-75.325,-80.1,180.0,bottom
C123,0.1uF,C_0402_1005Metric,-129.075,-28.15,0.0,bottom
C124,0.1uF,C_0402_1005Metric,-129.075,-23.65,0.0,bottom
C125,0.1uF,C_0402_1005Metric,-151.955504,-12.486746,10.0,bottom
C126,0.1uF,C_0402_1005Metric,-152.736921,-16.918381,10.0,bottom
C127,0.1uF,C_0402_1005Metric,-153.518338,-21.350016,10.0,bottom
C128,0.1uF,C_0402_1005Metric,-51.794835,-16.16241,170.0,bottom
C129,0.1uF,C_0402_1005Metric,-81.1,13.5,80.0,bottom
C130,0.1uF,C_0402_1005Metric,-76.288666,13.332372,350.0,bottom
C131,0.1uF,C_0402_1005Metric,-70.333193,16.413336,260.0,bottom
C132,0.1uF,C_0402_1005Metric,-65.460122,15.267123,350.0,bottom
C133,0.1uF,C_0402_1005Metric,-129.075,-61.7,0.0,bottom
C134,0.1uF,C_0402_1005Metric,-129.075,-85.3,0.0,bottom
C135,0.1uF,C_0402_1005Metric,-129.075,-57.1,0.0,bottom
C136,0.1uF,C_0402_1005Metric,-129.075,-80.7,0.0,bottom
C137,0.1uF,C_0402_1005Metric,-129.075,-66.2,0.0,bottom
C138,0.1uF,C_0402_1005Metric,-129.075,-76.2,0.0,bottom
C139,CL31A476MPHNNNE,CAPC3216X180N,-76.825,-16.9,180.0,bottom
C140,CL31A476MPHNNNE,CAPC3216X180N,-76.825,-14.64,180.0,bottom
C141,CL31A476MPHNNNE,CAPC3216X180N,-127.325,-14.65,0.0,bottom
C142,CL31A476MPHNNNE,CAPC3216X180N,-127.325,-16.82,0.0,bottom
C143,CL31A476MPHNNNE,CAPC3216X180N,-61.423839,-25.475963,260.0,bottom
C144,CL31A476MPHNNNE,CAPC3216X180N,-59.203098,-25.084387,260.0,bottom
C2,22uF,C_1206_3216Metric,-151.51072,17.389911,280.0,bottom
C78,0.1uF,C_0402_1005Metric,-120.027292,15.516649,190.0,bottom
C8,0.1uF,C_0402_1005Metric,-136.782015,14.538987,100.0,bottom
C9,22uF,C_1206_3216Metric,-148.802498,16.912379,280.0,bottom
C99,0.1uF,C_0402_1005Metric,-86.7,9.4,90.0,bottom
D101,1N4148W,D_SOD-123,-55.5,17.4,350.0,bottom
D102,1N4148W,D_SOD-123,-148.800695,3.965372,280.0,bottom
D103,1N4148W,D_SOD-123,-155.425373,-33.605045,280.0,bottom
D104,SS14,D_SMA,-141.040603,20.620881,190.0,bottom
D105,1N4148W,D_SOD-123,-115.075,-78.9,270.0,bottom
D106,1N4148W,D_SOD-123,-115.075,-59.9,270.0,bottom
D107,1N4148W,D_SOD-123,-115.075,-40.9,270.0,bottom
D108,1N4148W,D_SOD-123,-115.075,-21.9,270.0,bottom
D109,1N4148W,D_SOD-123,-96.075,-59.9,270.0,bottom
D110,1N4148W,D_SOD-123,-96.075,-40.9,270.0,bottom
D111,1N4148W,D_SOD-123,-96.075,-21.9,270.0,bottom
D112,1N4148W,D_SOD-123,-61.150597,2.344134,260.0,bottom
D113,1N4148W,D_SOD-123,-54.664838,-34.438435,260.0,bottom
D114,1N4148W,D_SOD-123,-96.075,-78.9,270.0,bottom
D15,1N4148W,D_SOD-123,-259.898562,33.709189,280.0,bottom
D16,1N4148W,D_SOD-123,-241.137974,30.401191,280.0,bottom
D17,1N4148W,D_SOD-123,-219.946312,40.880502,280.0,bottom
D18,1N4148W,D_SOD-123,-200.143835,43.48135,280.0,bottom
D19,1N4148W,D_SOD-123,-182.772433,32.294891,280.0,bottom
D20,1N4148W,D_SOD-123,-164.53279,26.03247,280.0,bottom
D23,1N4148W,D_SOD-123,-45.876057,24.990582,260.0,bottom
D24,1N4148W,D_SOD-123,-27.636414,31.253003,260.0,bottom
D25,1N4148W,D_SOD-123,-10.483739,42.096266,260.0,bottom
D26,1N4148W,D_SOD-123,9.537465,39.838614,260.0,bottom
D27,1N4148W,D_SOD-123,30.729128,29.359303,260.0,bottom
D28,1N4148W,D_SOD-123,49.489715,32.6673,260.0,bottom
D29,1N4148W,D_SOD-123,-263.20656,14.948602,280.0,bottom
D30,1N4148W,D_SOD-123,-244.445972,11.640604,280.0,bottom
D31,1N4148W,D_SOD-123,-223.25431,22.119915,280.0,bottom
D32,1N4148W,D_SOD-123,-203.451833,24.720763,280.0,bottom
D33,1N4148W,D_SOD-123,-186.08043,13.534303,280.0,bottom
D34,1N4148W,D_SOD-123,-167.840787,7.271882,280.0,bottom
D37,1N4148W,D_SOD-123,-42.568058,6.229993,260.0,bottom
D38,1N4148W,D_SOD-123,-24.328416,12.492414,260.0,bottom
D39,1N4148W,D_SOD-123,-6.957014,23.678874,260.0,bottom
D40,1N4148W,D_SOD-123,12.845463,21.078025,260.0,bottom
D41,1N4148W,D_SOD-123,34.037125,10.598715,260.0,bottom
D42,1N4148W,D_SOD-123,52.797714,13.906713,260.0,bottom
D43,1N4148W,D_SOD-123,-266.514557,-3.811986,280.0,bottom
D44,1N4148W,D_SOD-123,-247.75397,-7.119984,280.0,bottom
D45,1N4148W,D_SOD-123,-226.562307,3.359327,280.0,bottom
D46,1N4148W,D_SOD-123,-206.759831,5.960176,280.0,bottom
D47,1N4148W,D_SOD-123,-189.388428,-5.226284,280.0,bottom
D48,1N4148W,D_SOD-123,-171.148785,-11.488705,280.0,bottom
D51,1N4148W,D_SOD-123,-39.26006,-12.530594,260.0,bottom
D52,1N4148W,D_SOD-123,-21.020417,-6.268173,260.0,bottom
D53,1N4148W,D_SOD-123,-3.649016,4.918286,260.0,bottom
D54,1N4148W,D_SOD-123,16.153462,2.317438,260.0,bottom
D55,1N4148W,D_SOD-123,37.345123,-8.161873,260.0,bottom
D56,1N4148W,D_SOD-123,56.105712,-4.853875,260.0,bottom
D57,1N4148W,D_SOD-123,-269.822555,-22.572574,280.0,bottom
D58,1N4148W,D_SOD-123,-251.061967,-25.880572,280.0,bottom
D59,1N4148W,D_SOD-123,-229.870305,-15.401261,280.0,bottom
D60,1N4148W,D_SOD-123,-210.067828,-12.800412,280.0,bottom
D61,1N4148W,D_SOD-123,-192.696426,-23.986872,280.0,bottom
D62,1N4148W,D_SOD-123,-174.456783,-30.249294,280.0,bottom
D65,1N4148W,D_SOD-123,-35.952063,-31.291182,260.0,bottom
D66,1N4148W,D_SOD-123,-17.712419,-25.028761,260.0,bottom
D67,1N4148W,D_SOD-123,-0.341017,-13.842301,260.0,bottom
D68,1N4148W,D_SOD-123,19.46146,-16.44315,260.0,bottom
D69,1N4148W,D_SOD-123,40.653122,-26.922461,260.0,bottom
D70,1N4148W,D_SOD-123,59.413708,-23.614463,260.0,bottom
D71,1N4148W,D_SOD-123,-273.578961,-41.428734,280.0,bottom
D72,1N4148W,D_SOD-123,-254.369965,-44.641159,280.0,bottom
D73,1N4148W,D_SOD-123,-233.178303,-34.161849,280.0,bottom
D74,1N4148W,D_SOD-123,-213.375826,-31.561,280.0,bottom
D75,1N4148W,D_SOD-123,-196.004424,-42.74746,280.0,bottom
D76,1N4148W,D_SOD-123,-177.764781,-49.009881,280.0,bottom
D79,1N4148W,D_SOD-123,-32.644066,-50.05177,260.0,bottom
D80,1N4148W,D_SOD-123,-14.404423,-43.789349,260.0,bottom
D81,1N4148W,D_SOD-123,2.966981,-32.602889,260.0,bottom
D82,1N4148W,D_SOD-123,22.769456,-35.203738,260.0,bottom
D83,1N4148W,D_SOD-123,43.96112,-45.683048,260.0,bottom
D84,1N4148W,D_SOD-123,62.721706,-42.375051,260.0,bottom
D86,1N4148W,D_SOD-123,-236.486301,-52.922436,280.0,bottom
D87,1N4148W,D_SOD-123,-216.683824,-50.321588,280.0,bottom
D88,1N4148W,D_SOD-123,-199.312422,-61.508047,280.0,bottom
D89,1N4148W,D_SOD-123,-181.072778,-67.770468,280.0,bottom
D90,1N4148W,D_SOD-123,-162.312191,-71.078467,280.0,bottom
D91,1N4148W,D_SOD-123,-48.096656,-72.120355,260.0,bottom
D92,1N4148W,D_SOD-123,-29.336068,-68.812357,260.0,bottom
D93,1N4148W,D_SOD-123,-11.096425,-62.549936,260.0,bottom
D94,1N4148W,D_SOD-123,6.274978,-51.363476,260.0,bottom
D95,1N4148W,D_SOD-123,26.077454,-53.964325,260.0,bottom
LED101,SK6812MINI-E,LED-SMD_4P-L3.2-W2.8-LS5.9_SK6812MINI-E,-149.338268,-14.776003,10.0,bottom
LED102,SK6812MINI-E,LED-SMD_4P-L3.2-W2.8-LS5.9_SK6812MINI-E,-150.128367,-19.256879,10.0,bottom
LED103,SK6812MINI-E,LED-SMD_4P-L3.2-W2.8-LS5.9_SK6812MINI-E,-150.918466,-23.737754,10.0,bottom
LED104,SK6812MINI-E,LED-SMD_4P-L3.2-W2.8-LS5.9_SK6812MINI-E,-126.075,-20.95,0.0,bottom
LED105,SK6812MINI-E,LED-SMD_4P-L3.2-W2.8-LS5.9_SK6812MINI-E,-126.075,-25.5,0.0,bottom
LED106,SK6812MINI-E,LED-SMD_4P-L3.2-W2.8-LS5.9_SK6812MINI-E,-126.075,-30.05,0.0,bottom
LED107,SK6812MINI-E,LED-SMD_4P-L3.2-W2.8-LS5.9_SK6812MINI-E,-126.075,-40.0,0.0,bottom
LED108,SK6812MINI-E,LED-SMD_4P-L3.2-W2.8-LS5.9_SK6812MINI-E,-126.075,-44.55,0.0,bottom
LED109,SK6812MINI-E,LED-SMD_4P-L3.2-W2.8-LS5.9_SK6812MINI-E,-126.075,-49.1,0.0,bottom
LED110,SK6812MINI-E,LED-SMD_4P-L3.2-W2.8-LS5.9_SK6812MINI-E,-126.075,-59.05,0.0,bottom
LED111,SK6812MINI-E,LED-SMD_4P-L3.2-W2.8-LS5.9_SK6812MINI-E,-126.075,-63.6,0.0,bottom
LED112,SK6812MINI-E,LED-SMD_4P-L3.2-W2.8-LS5.9_SK6812MINI-E,-126.075,-68.15,0.0,bottom
LED113,SK6812MINI-E,LED-SMD_4P-L3.2-W2.8-LS5.9_SK6812MINI-E,-126.075,-78.1,0.0,bottom
LED114,SK6812MINI-E,LED-SMD_4P-L3.2-W2.8-LS5.9_SK6812MINI-E,-126.075,-82.65,0.0,bottom
LED115,SK6812MINI-E,LED-SMD_4P-L3.2-W2.8-LS5.9_SK6812MINI-E,-126.075,-87.2,0.0,bottom
LED116,SK6812MINI-E,LED-SMD_4P-L3.2-W2.8-LS5.9_SK6812MINI-E,-78.425,-87.2,180.0,bottom
LED117,SK6812MINI-E,LED-SMD_4P-L3.2-W2.8-LS5.9_SK6812MINI-E,-78.425,-82.65,180.0,bottom
LED118,SK6812MINI-E,LED-SMD_4P-L3.2-W2.8-LS5.9_SK6812MINI-E,-78.425,-78.1,180.0,bottom
LED119,SK6812MINI-E,LED-SMD_4P-L3.2-W2.8-LS5.9_SK6812MINI-E,-78.425,-68.15,180.0,bottom
LED120,SK6812MINI-E,LED-SMD_4P-L3.2-W2.8-LS5.9_SK6812MINI-E,-78.425,-63.6,180.0,bottom
LED121,SK6812MINI-E,LED-SMD_4P-L3.2-W2.8-LS5.9_SK6812MINI-E,-78.425,-59.05,180.0,bottom
LED122,SK6812MINI-E,LED-SMD_4P-L3.2-W2.8-LS5.9_SK6812MINI-E,-78.425,-49.1,180.0,bottom
LED123,SK6812MINI-E,LED-SMD_4P-L3.2-W2.8-LS5.9_SK6812MINI-E,-78.425,-44.55,180.0,bottom
LED124,SK6812MINI-E,LED-SMD_4P-L3.2-W2.8-LS5.9_SK6812MINI-E,-78.425,-40.0,180.0,bottom
LED125,SK6812MINI-E,LED-SMD_4P-L3.2-W2.8-LS5.9_SK6812MINI-E,-78.425,-30.05,180.0,bottom
LED126,SK6812MINI-E,LED-SMD_4P-L3.2-W2.8-LS5.9_SK6812MINI-E,-78.425,-25.5,180.0,bottom
LED127,SK6812MINI-E,LED-SMD_4P-L3.2-W2.8-LS5.9_SK6812MINI-E,-78.425,-20.95,180.0,bottom
LED128,SK6812MINI-E,LED-SMD_4P-L3.2-W2.8-LS5.9_SK6812MINI-E,-53.581534,-23.737754,170.0,bottom
LED129,SK6812MINI-E,LED-SMD_4P-L3.2-W2.8-LS5.9_SK6812MINI-E,-54.371633,-19.256879,170.0,bottom
LED130,SK6812MINI-E,LED-SMD_4P-L3.2-W2.8-LS5.9_SK6812MINI-E,-55.161732,-14.776003,170.0,bottom
Q1,AO3401A,SOT-23,-88.0,32.2,270.0,bottom
R101,R510,R_0603_1608Metric,-144.349051,-15.706508,280.0,bottom
R102,R220,R_0603_1608Metric,-77.709414,19.086328,260.0,bottom
R103,R220,R_0603_1608Metric,-76.035241,19.38153,260.0,bottom
R104,R510,R_0603_1608Metric,-56.2,14.3,350.0,bottom
R105,R220,R_0603_1608Metric,-66.878569,21.008029,260.0,bottom
R106,R220,R_0603_1608Metric,-55.467583,24.822476,260.0,bottom
R107,R220,R_0603_1608Metric,-65.204396,21.303231,260.0,bottom
R24,R120,R_0603_1608Metric,-129.92111,20.117351,10.0,bottom
R33,R1K,R_0603_1608Metric,-81.8,2.6,180.0,bottom
R34,10k,R_0603_1608Metric,-85.3,9.7,90.0,bottom
SW101,Switch,SW_MX_HS_CPG151101S11_1u,-146.856616,-2.605219,190.0,bottom
SW102,Switch,SW_MX_HS_CPG151101S11_1u,-153.472612,-40.126394,190.0,bottom
SW103,Switch,SW_MX_HS_CPG151101S11_1u,-111.14,-85.01805,180.0,bottom
SW104,Switch,SW_MX_HS_CPG151101S11_1u,-111.14,-65.96805,180.0,bottom
SW105,Switch,SW_MX_HS_CPG151101S11_1u,-111.14,-46.91805,180.0,bottom
SW106,Switch,SW_MX_HS_CPG151101S11_1u,-111.14,-27.86805,180.0,bottom
SW107,Switch,SW_MX_HS_CPG151101S11_1u,-92.09,-65.96805,180.0,bottom
SW108,Switch,SW_MX_HS_CPG151101S11_1u,-92.09,-46.91805,180.0,bottom
SW109,Switch,SW_MX_HS_CPG151101S11_1u,-92.09,-27.86805,180.0,bottom
SW110,Switch,SW_MX_HS_CPG151101S11_1u,-56.392679,-3.23591,170.0,bottom
SW111,Switch,SW_MX_HS_CPG151101S11_1u,-49.776683,-40.757085,170.0,bottom
SW112,Switch,SW_MX_HS_CPG151101S11_1u,-92.09,-85.01805,180.0,bottom
SW15,Switch,SW_MX_HS_CPG151101S11_1u,-257.674978,27.140086,190.0,bottom
SW16,Switch,SW_MX_HS_CPG151101S11_1u,-238.91439,23.832088,190.0,bottom
SW17,Switch,SW_MX_HS_CPG151101S11_1u,-217.722728,34.311399,190.0,bottom
SW18,Switch,SW_MX_HS_CPG151101S11_1u,-197.920252,36.912248,190.0,bottom
SW19,Switch,SW_MX_HS_CPG151101S11_1u,-180.548849,25.725788,190.0,bottom
SW20,Switch,SW_MX_HS_CPG151101S11_1u,-162.309206,19.463367,190.0,bottom
SW23,Switch,SW_MX_HS_CPG151101S11_1u,-40.940089,18.832676,170.0,bottom
SW24,Switch,SW_MX_HS_CPG151101S11_1u,-22.700446,25.095097,170.0,bottom
SW25,Switch,SW_MX_HS_CPG151101S11_1u,-5.329044,36.281556,170.0,bottom
SW26,Switch,SW_MX_HS_CPG151101S11_1u,14.473433,33.680708,170.0,bottom
SW27,Switch,SW_MX_HS_CPG151101S11_1u,35.665095,23.201397,170.0,bottom
SW28,Switch,SW_MX_HS_CPG151101S11_1u,54.425683,26.509395,170.0,bottom
SW29,Switch,SW_MX_HS_CPG151101S11_1u,-260.982976,8.379497,190.0,bottom
SW30,Switch,SW_MX_HS_CPG151101S11_1u,-242.222388,5.0715,190.0,bottom
SW31,Switch,SW_MX_HS_CPG151101S11_1u,-221.030726,15.550811,190.0,bottom
SW32,Switch,SW_MX_HS_CPG151101S11_1u,-201.228249,18.15166,190.0,bottom
SW33,Switch,SW_MX_HS_CPG151101S11_1u,-183.856847,6.9652,190.0,bottom
SW34,Switch,SW_MX_HS_CPG151101S11_1u,-165.617204,0.702779,190.0,bottom
SW37,Switch,SW_MX_HS_CPG151101S11_1u,-37.632091,0.072088,170.0,bottom
SW38,Switch,SW_MX_HS_CPG151101S11_1u,-19.392448,6.334509,170.0,bottom
SW39,Switch,SW_MX_HS_CPG151101S11_1u,-2.021046,17.520969,170.0,bottom
SW40,Switch,SW_MX_HS_CPG151101S11_1u,17.781431,14.92012,170.0,bottom
SW41,Switch,SW_MX_HS_CPG151101S11_1u,38.973093,4.440809,170.0,bottom
SW42,Switch,SW_MX_HS_CPG151101S11_1u,57.733681,7.748807,170.0,bottom
SW43,Switch,SW_MX_HS_CPG151101S11_1u,-264.290974,-10.38109,190.0,bottom
SW44,Switch,SW_MX_HS_CPG151101S11_1u,-245.530386,-13.689087,190.0,bottom
SW45,Switch,SW_MX_HS_CPG151101S11_1u,-224.338724,-3.209777,190.0,bottom
SW46,Switch,SW_MX_HS_CPG151101S11_1u,-204.536247,-0.608928,190.0,bottom
SW47,Switch,SW_MX_HS_CPG151101S11_1u,-187.164845,-11.795388,190.0,bottom
SW48,Switch,SW_MX_HS_CPG151101S11_1u,-168.925202,-18.057809,190.0,bottom
SW51,Switch,SW_MX_HS_CPG151101S11_1u,-34.324093,-18.6885,170.0,bottom
SW52,Switch,SW_MX_HS_CPG151101S11_1u,-16.08445,-12.426079,170.0,bottom
SW53,Switch,SW_MX_HS_CPG151101S11_1u,1.286952,-1.239619,170.0,bottom
SW54,Switch,SW_MX_HS_CPG151101S11_1u,21.089429,-3.840468,170.0,bottom
SW55,Switch,SW_MX_HS_CPG151101S11_1u,42.281091,-14.319778,170.0,bottom
SW56,Switch,SW_MX_HS_CPG151101S11_1u,61.041679,-11.011781,170.0,bottom
SW57,Switch,SW_MX_HS_CPG151101S11_1u,-267.598971,-29.141677,190.0,bottom
SW58,Switch,SW_MX_HS_CPG151101S11_1u,-248.838384,-32.449675,190.0,bottom
SW59,Switch,SW_MX_HS_CPG151101S11_1u,-227.646722,-21.970364,190.0,bottom
SW60,Switch,SW_MX_HS_CPG151101S11_1u,-207.844245,-19.369516,190.0,bottom
SW61,Switch,SW_MX_HS_CPG151101S11_1u,-190.472843,-30.555976,190.0,bottom
SW62,Switch,SW_MX_HS_CPG151101S11_1u,-172.233199,-36.818397,190.0,bottom
SW65,Switch,SW_MX_HS_CPG151101S11_1u,-31.016096,-37.449088,170.0,bottom
SW66,Switch,SW_MX_HS_CPG151101S11_1u,-12.776452,-31.186667,170.0,bottom
SW67,Switch,SW_MX_HS_CPG151101S11_1u,4.59495,-20.000207,170.0,bottom
SW68,Switch,SW_MX_HS_CPG151101S11_1u,24.397427,-22.601055,170.0,bottom
SW69,Switch,SW_MX_HS_CPG151101S11_1u,45.589089,-33.080366,170.0,bottom
SW70,Switch,SW_MX_HS_CPG151101S11_1u,64.349677,-29.772368,170.0,bottom
SW71,Switch,SW_MX_HS_CPG151101S11_1u,-270.90548,-47.900841,190.0,bottom
SW72,Switch,SW_MX_HS_CPG151101S11_1u,-252.146382,-51.210263,190.0,bottom
SW73,Switch,SW_MX_HS_CPG151101S11_1u,-230.954719,-40.730952,190.0,bottom
SW74,Switch,SW_MX_HS_CPG151101S11_1u,-211.152243,-38.130103,190.0,bottom
SW75,Switch,SW_MX_HS_CPG151101S11_1u,-193.78084,-49.316563,190.0,bottom
SW76,Switch,SW_MX_HS_CPG151101S11_1u,-175.541197,-55.578984,190.0,bottom
SW79,Switch,SW_MX_HS_CPG151101S11_1u,-27.708098,-56.209675,170.0,bottom
SW80,Switch,SW_MX_HS_CPG151101S11_1u,-9.468455,-49.947254,170.0,bottom
SW81,Switch,SW_MX_HS_CPG151101S11_1u,7.902948,-38.760794,170.0,bottom
SW82,Switch,SW_MX_HS_CPG151101S11_1u,27.705424,-41.361643,170.0,bottom
SW83,Switch,SW_MX_HS_CPG151101S11_1u,48.897087,-51.840954,170.0,bottom
SW84,Switch,SW_MX_HS_CPG151101S11_1u,67.657674,-48.532956,170.0,bottom
SW86,Switch,SW_MX_HS_CPG151101S11_1u,-234.262717,-59.49154,190.0,bottom
SW87,Switch,SW_MX_HS_CPG151101S11_1u,-214.46024,-56.890691,190.0,bottom
SW88,Switch,SW_MX_HS_CPG151101S11_1u,-197.088838,-68.077151,190.0,bottom
SW89,Switch,SW_MX_HS_CPG151101S11_1u,-178.849195,-74.339572,190.0,bottom
SW90,Switch,SW_MX_HS_CPG151101S11_1u,-160.088607,-77.64757,190.0,bottom
SW91,Switch,SW_MX_HS_CPG151101S11_1u,-43.160688,-78.278261,170.0,bottom
SW92,Switch,SW_MX_HS_CPG151101S11_1u,-24.4001,-74.970263,170.0,bottom
SW93,Switch,SW_MX_HS_CPG151101S11_1u,-6.160457,-68.707842,170.0,bottom
SW94,Switch,SW_MX_HS_CPG151101S11_1u,11.210945,-57.521382,170.0,bottom
SW95,Switch,SW_MX_HS_CPG151101S11_1u,31.013422,-60.122231,170.0,bottom
